Department,No,Yes
Human Resources,0.8095238095238095,0.19047619047619047
Research & Development,0.8616024973985432,0.1383975026014568
Sales,0.7937219730941704,0.2062780269058296
