Feature,Importance
MonthlyIncome,0.1802505329798459
OverTime_Yes,0.17727609363187094
DailyRate,0.0881119447450412
MaritalStatus_Single,0.06532044005517323
TotalWorkingYears,0.060757899644062585
HourlyRate,0.056414642160884196
DistanceFromHome,0.04358067767506911
MonthlyRate,0.03641729059130292
YearsInCurrentRole,0.03378937540570729
YearsSinceLastPromotion,0.03370067313815874
